{"cameraMode":{"drawMode":2,"name":"Shaded Wireframe","section":"Shading Mode"},"sceneLighting":true,"audioPlay":false,"sceneViewState":{"showFog":false,"showMaterialUpdate":false,"showSkybox":false,"showFlares":false,"showImageEffects":false,"showParticleSystems":false},"in2DMode":false,"pivot":{"x":-0.01685350388288498,"y":0.11011949926614762,"z":-0.001520000398159027},"rotation":{"x":-0.06683497130870819,"y":-0.7521910667419434,"z":0.07722640037536621,"w":-0.6509822010993958},"size":0.4127829968929291,"orthographic":false}